Town,Funeral Home,Main URL,Notes
Clinton,Swan Funeral Home (Dignity Memorial),https://www.dignitymemorial.com/obituaries?locationcode=2632,
East Lyme,Thomas L. Neilan & Sons,https://www.neilanfuneralhome.com/obituaries/obituary-listings,
Lyme,Thomas L. Neilan & Sons,https://www.neilanfuneralhome.com/obituaries/obituary-listings,No Funeral Home in Town
Lyme,"Fulton-Theroux Funeral Service (Old Lyme, Dignity Memorial) ",https://www.dignitymemorial.com/obituaries?locationcode=2694,No Funeral Home in Town
New Milford,Hull Funeral Service / Colonial Funeral Home,https://www.hullfuneralservice.com/listings,
New Milford,Lillis Funeral Home ,https://lillisfuneralhome.wordpress.com/obituaries/,
Old Lyme,"Fulton-Theroux Funeral Service (Old Lyme, Dignity Memorial) ",https://www.dignitymemorial.com/obituaries?locationcode=2694,
Orange,Cody-White Funeral Home,https://www.codywhitefuneralservice.com/obituaries,No Funeral Home in Town
Orange,West Haven Funeral Home,https://www.westhavenfuneral.com/listings,No Funeral Home in Town
Ridgefield,Jowdy Kane Funeral Home,https://www.jowdykanefuneralhome.com/listings,
Waterford ,Byles-MacDougall Funeral Service , https://www.byles.com/obits,No Funeral Home in Town
Waterford ,Impellitteri-Malia Funeral Home ,https://www.impellitterimaliafh.com/listings,No Funeral Home in Town
Waterford ,Lester Gee Funeral Home,https://www.lestergeefh.com/obituary-listing,No Funeral Home in Town
Waterford ,Thomas L. Neilan & Sons,https://www.neilanfuneralhome.com/obituaries/obituary-listings,No Funeral Home in Town
